producto_id,clase,revenue_opt,margin_opt,n_days,margin_contribution_pct
0309020005,03CARN     ,1517431.55,984515.32,736,64.88
0308010001,03CARN     ,890443.04,433030.55,736,48.63
0309020020,03CARN     ,730940.4,418736.41,736,57.29
0308050006,03CARN     ,645963.02,342342.04,736,53.0
0308020003,03CARN     ,628605.73,320961.62,736,51.06
0509060001,05CHAR     ,649656.5,314573.22,736,48.42
0802050003,08FRUV     ,562856.68,302969.92,736,53.83
0301020003,03CARN     ,314110.46,214953.02,734,68.43
0301040001,03CARN     ,345342.31,191908.68,734,55.57
0309020017,03CARN     ,276997.76,191158.29,736,69.01
0509060004,05CHAR     ,359442.37,176185.93,732,49.02
0806010011,08FRUV     ,387680.09,176136.86,736,45.43
0308050008,03CARN     ,301104.45,167423.51,736,55.6
0802020012,08FRUV     ,360664.36,161541.03,736,44.79
0309020011,03CARN     ,207583.2,137251.41,731,66.12
0509130025,05CHAR     ,256019.66,135032.63,730,52.74
0308020001,03CARN     ,216446.83,118115.61,726,54.57
0509060008,05CHAR     ,272535.69,118044.83,735,43.31
0806010006,08FRUV     ,212677.06,109029.84,736,51.27
0509100021,05CHAR     ,214498.82,107750.85,735,50.23
0309020004,03CARN     ,169640.05,98468.58,734,58.05
0803010032,08FRUV     ,207408.46,93732.83,736,45.19
0802050001,08FRUV     ,185584.26,80540.72,736,43.4
0504030034,05CHAR     ,166744.95,77568.0,726,46.52
0802020008,08FRUV     ,145632.76,73716.59,736,50.62
0309020002,03CARN     ,114139.92,72227.64,559,63.28
0309020007,03CARN     ,228649.61,70825.95,732,30.98
0309020003,03CARN     ,115895.79,67661.06,725,58.38
0802010012,08FRUV     ,145564.27,67275.89,736,46.22
0308030001,03CARN     ,121917.73,67198.27,720,55.12
0509150023,05CHAR     ,123327.4,64168.12,722,52.03
0802010024,08FRUV     ,114831.86,63167.12,736,55.01
0301020004,03CARN     ,77625.03,57082.19,538,73.54
0504040033,05CHAR     ,123076.74,56924.58,736,46.25
0308020004,03CARN     ,126277.44,55273.78,704,43.77
0309030003,03CARN     ,64812.72,54480.82,502,84.06
0509070007,05CHAR     ,106577.95,54156.83,624,50.81
0805010061,08FRUV     ,93342.33,48551.09,709,52.01
0309020010,03CARN     ,61257.27,46308.41,491,75.6
0509130028,05CHAR     ,85218.85,44845.34,719,52.62
0301020010,03CARN     ,61059.87,44600.47,311,73.04
0509100025,05CHAR     ,80693.61,40915.21,731,50.7
0806010013,08FRUV     ,76147.34,40693.75,736,53.44
0509110001,05CHAR     ,60283.29,37645.8,734,62.45
0308030003,03CARN     ,68163.14,36558.63,708,53.63
0301040003,03CARN     ,69486.89,36283.91,699,52.22
0502080091,05CHAR     ,78725.01,35066.1,733,44.54
0504030005,05CHAR     ,69464.65,32145.25,735,46.28
0501040013,05CHAR     ,69004.5,31068.06,615,45.02
0802040020,08FRUV     ,50221.89,31030.96,731,61.79
0506010001,05CHAR     ,46742.04,30964.71,538,66.25
0509150008,05CHAR     ,59301.57,30274.46,724,51.05
0301040002,03CARN     ,56314.54,29934.45,560,53.16
0802040006,08FRUV     ,45812.94,29863.41,731,65.19
0504040022,05CHAR     ,60646.43,29196.91,735,48.14
0309020008,03CARN     ,67178.39,28754.69,725,42.8
0309020015,03CARN     ,38796.32,28659.94,435,73.87
0308040003,03CARN     ,66278.55,28118.3,733,42.42
0504040012,05CHAR     ,58242.66,27650.94,735,47.48
0504040030,05CHAR     ,56481.75,27363.0,719,48.45
0802040023,08FRUV     ,46188.0,27311.65,713,59.13
0803010012,08FRUV     ,47305.65,27201.8,736,57.5
0509130023,05CHAR     ,54408.05,27129.9,732,49.86
0309040003,03CARN     ,47759.24,27117.61,327,56.78
0504030042,05CHAR     ,60354.55,26706.65,736,44.25
0802030005,08FRUV     ,54388.91,26278.1,736,48.32
0509090014,05CHAR     ,57869.46,26092.73,514,45.09
0803010051,08FRUV     ,54236.86,26080.04,736,48.09
0301020002,03CARN     ,40857.62,25817.06,210,63.19
0802030006,08FRUV     ,52410.6,25195.12,736,48.07
0308050013,03CARN     ,56485.87,24115.28,726,42.69
0802030007,08FRUV     ,49040.38,23931.97,735,48.8
0308030002,03CARN     ,49136.48,23401.7,642,47.63
0509100036,05CHAR     ,55253.89,22636.08,450,40.97
0802030009,08FRUV     ,42649.37,22369.06,684,52.45
0802010025,08FRUV     ,45514.18,22030.26,735,48.4
0802020001,08FRUV     ,39561.28,21920.49,736,55.41
0309040007,03CARN     ,26167.39,21465.48,181,82.03
0309020009,03CARN     ,40773.16,21453.54,680,52.62
0309040010,03CARN     ,31369.05,21401.07,562,68.22
0301020005,03CARN     ,33523.69,21197.92,393,63.23
0802030010,08FRUV     ,37720.37,20270.23,619,53.74
0805010006,08FRUV     ,39452.16,20224.55,606,51.26
0503020038,05CHAR     ,39904.06,20151.6,707,50.5
0504040026,05CHAR     ,44003.83,20073.85,698,45.62
0806010010,08FRUV     ,41781.54,19871.66,736,47.56
0308010003,03CARN     ,38056.86,19510.4,607,51.27
0803010027,08FRUV     ,31141.47,19479.49,736,62.55
0501040006,05CHAR     ,40263.19,19395.46,701,48.17
0806010001,08FRUV     ,37894.31,19174.44,736,50.6
0309030006,03CARN     ,36523.33,19041.03,664,52.13
0509130036,05CHAR     ,43001.85,18780.43,509,43.67
0805010116,08FRUV     ,32664.95,18622.79,736,57.01
0504030022,05CHAR     ,38426.14,18255.74,734,47.51
0309020019,03CARN     ,25706.01,18155.31,288,70.63
0301050001,03CARN     ,37933.48,17930.55,646,47.27
0503020051,05CHAR     ,32832.93,17756.58,336,54.08
0802010022,08FRUV     ,34959.2,17749.2,736,50.77
0802020005,08FRUV     ,37366.61,17747.44,736,47.5
0803010009,08FRUV     ,31827.8,17635.5,736,55.41
0502040028,05CHAR     ,36303.82,17291.66,656,47.63
0802010010,08FRUV     ,38115.75,16901.64,736,44.34
0802010020,08FRUV     ,57521.56,16382.69,736,28.48
0802020007,08FRUV     ,32990.68,15582.23,736,47.23
0509160028,05CHAR     ,30527.47,15017.11,548,49.19
0805020011,08FRUV     ,25910.39,14932.23,733,57.63
0503020046,05CHAR     ,25393.11,14707.93,608,57.92
0509070003,05CHAR     ,28273.22,14170.63,640,50.12
0308040007,03CARN     ,36657.98,13987.99,458,38.16
0309020013,03CARN     ,22254.79,13967.33,471,62.76
0308040005,03CARN     ,32170.4,13909.05,343,43.24
0302010044,03CARN     ,28682.78,13394.82,668,46.7
0509150029,05CHAR     ,33084.9,13065.67,618,39.49
0802050002,08FRUV     ,26878.14,12875.39,676,47.9
0301040005,03CARN     ,27705.2,12653.94,728,45.67
0806010005,08FRUV     ,34718.27,12364.28,731,35.61
0803010007,08FRUV     ,20729.34,12100.4,532,58.37
0802010002,08FRUV     ,141568.46,11926.76,736,8.42
0502040033,05CHAR     ,24548.06,11704.8,703,47.68
0802010006,08FRUV     ,27303.52,11621.95,733,42.57
0504030027,05CHAR     ,24514.59,11598.74,709,47.31
0803010022,08FRUV     ,15602.91,11564.44,641,74.12
0803010028,08FRUV     ,31000.72,11416.15,736,36.83
0509160007,05CHAR     ,19470.27,11227.17,653,57.66
0509160008,05CHAR     ,19202.49,11153.26,642,58.08
0806010009,08FRUV     ,24913.15,11145.98,736,44.74
0502040026,05CHAR     ,23323.59,11077.68,706,47.5
0805020001,08FRUV     ,17071.61,10863.51,736,63.63
0504050003,05CHAR     ,21939.88,10645.42,733,48.52
0301030002,03CARN     ,24207.58,10470.19,672,43.25
0502040051,05CHAR     ,22036.5,10346.14,601,46.95
0509160003,05CHAR     ,17646.3,10301.16,656,58.38
0805020018,08FRUV     ,22065.17,10213.4,691,46.29
0309030001,03CARN     ,18766.89,10178.56,578,54.24
0302010045,03CARN     ,21628.62,10022.63,671,46.34
0801010003,08FRUV     ,12700.91,10009.37,684,78.81
0502080046,05CHAR     ,20657.78,9921.94,736,48.03
0308050017,03CARN     ,15923.62,9825.0,595,61.7
0802010027,08FRUV     ,37927.21,9742.04,736,25.69
0504040015,05CHAR     ,20411.21,9740.99,703,47.72
0801010015,08FRUV     ,16486.24,9703.6,526,58.86
0507020016,05CHAR     ,18213.44,9643.0,525,52.94
0802040010,08FRUV     ,14015.46,9626.71,682,68.69
0806010007,08FRUV     ,22286.89,9607.08,736,43.11
0509060007,05CHAR     ,18476.83,9605.52,686,51.99
0301070005,03CARN     ,15280.13,9567.28,249,62.61
0509140014,05CHAR     ,17127.25,9537.88,590,55.69
0805020006,08FRUV     ,18840.55,9267.9,393,49.19
0803010010,08FRUV     ,18714.95,9219.49,736,49.26
0509180019,05CHAR     ,16447.68,8948.81,687,54.41
0509130013,05CHAR     ,17928.77,8895.13,717,49.61
0309030005,03CARN     ,18470.85,8802.79,672,47.66
0802040004,08FRUV     ,15075.57,8729.63,578,57.91
0805010066,08FRUV     ,24746.68,8715.58,219,35.22
0509090003,05CHAR     ,17049.23,8707.58,537,51.07
0309020018,03CARN     ,12125.32,8637.15,218,71.23
0504040014,05CHAR     ,17579.56,8486.79,727,48.28
0801010007,08FRUV     ,9469.12,8464.16,478,89.39
0309030004,03CARN     ,10513.9,8321.7,355,79.15
0509100019,05CHAR     ,15982.81,8318.14,663,52.04
0802040026,08FRUV     ,12228.33,8117.57,421,66.38
0504020027,05CHAR     ,17321.04,7910.98,709,45.67
0502090003,05CHAR     ,15861.45,7901.51,683,49.82
0504020022,05CHAR     ,18252.21,7884.52,530,43.2
0309040011,03CARN     ,9475.14,7854.7,262,82.9
0805010088,08FRUV     ,17247.49,7770.42,678,45.05
0309030007,03CARN     ,9943.83,7769.18,370,78.13
0504040011,05CHAR     ,18016.09,7750.77,720,43.02
0509100020,05CHAR     ,15260.05,7725.5,347,50.63
0501040017,05CHAR     ,15686.24,7692.72,281,49.04
0503020052,05CHAR     ,18475.05,7551.51,109,40.87
0805020008,08FRUV     ,11654.03,7550.9,712,64.79
0301010003,03CARN     ,15869.3,7486.63,244,47.18
0509150015,05CHAR     ,15027.67,7411.75,702,49.32
0309030002,03CARN     ,10477.49,7410.91,313,70.73
0802040029,08FRUV     ,11756.72,7278.73,544,61.91
0504030035,05CHAR     ,17285.58,7254.73,458,41.97
0507020023,05CHAR     ,14084.01,7250.9,504,51.48
0509160006,05CHAR     ,13217.2,7119.64,559,53.87
0805020026,08FRUV     ,12561.61,7097.18,618,56.5
0302010028,03CARN     ,14254.6,7084.92,627,49.7
0305010001,03CARN     ,15691.37,7048.23,501,44.92
0502070001,05CHAR     ,13550.38,7027.95,607,51.87
0502040048,05CHAR     ,16394.07,7025.92,618,42.86
0503020041,05CHAR     ,14342.39,6989.72,435,48.73
0806010008,08FRUV     ,17354.82,6980.93,736,40.22
0507020008,05CHAR     ,13406.21,6903.21,539,51.49
0802040002,08FRUV     ,10813.58,6848.27,514,63.33
0509110003,05CHAR     ,11258.24,6815.86,450,60.54
0805020022,08FRUV     ,10123.28,6758.41,661,66.76
0802040022,08FRUV     ,10875.67,6732.87,550,61.91
0805010132,08FRUV     ,11980.63,6637.68,619,55.4
0308050004,03CARN     ,9361.12,6571.84,478,70.2
0509030069,05CHAR     ,12701.65,6529.53,614,51.41
0802010009,08FRUV     ,12125.56,6511.9,669,53.7
0802030008,08FRUV     ,13741.11,6507.36,721,47.36
0805020016,08FRUV     ,11563.89,6446.83,616,55.75
0802020004,08FRUV     ,14940.56,6441.89,736,43.12
0801010004,08FRUV     ,8574.77,6432.43,650,75.02
0502040047,05CHAR     ,16787.69,6426.58,648,38.28
0509120011,05CHAR     ,13660.88,6420.66,248,47.0
0509100030,05CHAR     ,10328.68,6399.17,402,61.96
0803010020,08FRUV     ,9249.36,6390.22,638,69.09
0802040007,08FRUV     ,8326.43,6341.81,510,76.16
0802030003,08FRUV     ,12869.13,6307.23,629,49.01
0502040005,05CHAR     ,12591.12,6155.99,618,48.89
0509070006,05CHAR     ,10882.89,6016.08,568,55.28
0509150009,05CHAR     ,12550.08,6016.0,613,47.94
0801010030,08FRUV     ,9564.77,5939.66,505,62.1
0801010036,08FRUV     ,7347.12,5888.63,638,80.15
0309040004,03CARN     ,8132.83,5865.46,409,72.12
0509130007,05CHAR     ,11842.49,5829.28,622,49.22
0801010027,08FRUV     ,10000.27,5819.29,599,58.19
0802010015,08FRUV     ,52914.78,5808.75,732,10.98
0802040024,08FRUV     ,9368.85,5774.87,461,61.64
0805010087,08FRUV     ,10410.78,5720.65,630,54.95
0805010086,08FRUV     ,10413.42,5712.41,690,54.86
0805010256,08FRUV     ,9761.69,5705.77,185,58.45
0805010123,08FRUV     ,11161.1,5660.81,635,50.72
0509060012,05CHAR     ,12479.35,5595.26,546,44.84
0801010008,08FRUV     ,8674.59,5533.92,526,63.79
0803010002,08FRUV     ,14565.4,5456.69,736,37.46
0502080057,05CHAR     ,11515.13,5438.54,568,47.23
0502040046,05CHAR     ,11816.15,5426.05,511,45.92
0801010009,08FRUV     ,8817.24,5424.36,495,61.52
0502060007,05CHAR     ,10720.61,5298.39,713,49.42
0805010055,08FRUV     ,9573.02,5250.23,534,54.84
0801010034,08FRUV     ,7875.76,5233.47,627,66.45
0802010005,08FRUV     ,8707.42,5228.51,695,60.05
0805010180,08FRUV     ,9800.82,5221.7,650,53.28
0801010040,08FRUV     ,7690.54,5218.98,281,67.86
0805010095,08FRUV     ,9025.74,5158.24,398,57.15
0302010020,03CARN     ,9735.14,5115.08,637,52.54
0502030006,05CHAR     ,8895.06,5095.04,448,57.28
0310010007,03CARN     ,9657.53,5056.54,536,52.36
0509150012,05CHAR     ,10214.87,5026.33,534,49.21
0802040021,08FRUV     ,8070.75,4974.41,552,61.64
0801010025,08FRUV     ,10094.5,4960.79,734,49.14
0502040045,05CHAR     ,10765.76,4957.55,612,46.05
0509110005,05CHAR     ,9775.01,4946.26,326,50.6
0502080097,05CHAR     ,10008.52,4908.5,536,49.04
0801010018,08FRUV     ,7199.73,4897.02,650,68.02
0308050005,03CARN     ,6563.39,4804.23,352,73.2
0502040025,05CHAR     ,9988.07,4754.65,622,47.6
0801010002,08FRUV     ,7116.7,4747.41,696,66.71
0801010001,08FRUV     ,7298.25,4717.61,687,64.64
0509030070,05CHAR     ,9288.18,4652.22,674,50.09
0801010016,08FRUV     ,6293.09,4648.12,689,73.86
0301020009,03CARN     ,10704.23,4640.8,450,43.35
0502080058,05CHAR     ,10598.48,4632.81,425,43.71
0806010004,08FRUV     ,22236.08,4612.37,736,20.74
0802020009,08FRUV     ,8732.44,4507.41,607,51.62
0504030021,05CHAR     ,11106.43,4504.66,693,40.56
0802030011,08FRUV     ,9167.17,4424.86,546,48.27
0505030036,05CHAR     ,9649.19,4415.1,465,45.76
0802010019,08FRUV     ,24381.71,4381.37,731,17.97
0802010026,08FRUV     ,89674.5,4346.02,736,4.85
0505030014,05CHAR     ,8817.66,4336.69,508,49.18
0801010022,08FRUV     ,7539.85,4252.2,533,56.4
0805010198,08FRUV     ,8401.37,4250.74,484,50.6
0803010016,08FRUV     ,6724.15,4238.17,703,63.03
0801010035,08FRUV     ,4942.8,4229.71,438,85.57
0509110006,05CHAR     ,8052.23,4219.85,374,52.41
0509030071,05CHAR     ,10072.84,4192.57,458,41.62
0509120007,05CHAR     ,7081.03,4133.63,252,58.38
0502030005,05CHAR     ,6532.07,4095.64,296,62.7
0504030043,05CHAR     ,8452.55,4087.45,631,48.36
0801010037,08FRUV     ,6287.5,4052.71,651,64.46
0501040015,05CHAR     ,7997.55,4046.61,468,50.6
0801010012,08FRUV     ,5889.33,4021.57,488,68.29
0805010106,08FRUV     ,7813.84,3994.21,618,51.12
0509100013,05CHAR     ,7995.05,3936.24,487,49.23
0505030034,05CHAR     ,9012.47,3926.13,461,43.56
0509130009,05CHAR     ,7622.89,3918.34,483,51.4
0502030004,05CHAR     ,6365.46,3895.08,287,61.19
0802040031,08FRUV     ,7039.03,3884.64,552,55.19
0802040042,08FRUV     ,5924.97,3838.86,300,64.79
0301030003,03CARN     ,7885.42,3816.45,387,48.4
0504020026,05CHAR     ,7999.56,3814.62,686,47.69
0805020032,08FRUV     ,5867.14,3764.31,444,64.16
0502080096,05CHAR     ,7358.72,3747.74,534,50.93
0502060006,05CHAR     ,6743.94,3701.26,589,54.88
0801010019,08FRUV     ,5394.77,3680.05,676,68.22
0802040019,08FRUV     ,5159.29,3649.9,621,70.74
0802040017,08FRUV     ,5366.81,3644.91,640,67.92
0505030013,05CHAR     ,7052.07,3612.12,486,51.22
0805010270,08FRUV     ,8066.12,3589.67,629,44.5
0805010160,08FRUV     ,6719.8,3569.2,481,53.11
0802030001,08FRUV     ,6353.61,3550.79,408,55.89
0509030067,05CHAR     ,6670.55,3544.92,477,53.14
0802040043,08FRUV     ,5565.14,3541.46,341,63.64
0801010020,08FRUV     ,5290.2,3533.45,586,66.79
0805010273,08FRUV     ,7521.96,3515.22,649,46.73
0801010010,08FRUV     ,5172.94,3489.57,606,67.46
0802040036,08FRUV     ,5026.99,3470.39,240,69.04
0803010011,08FRUV     ,7015.27,3468.21,705,49.44
0802040027,08FRUV     ,5473.1,3465.84,522,63.32
0802040025,08FRUV     ,4890.23,3460.07,476,70.75
0805020042,08FRUV     ,5926.26,3440.58,313,58.06
0805020007,08FRUV     ,9296.05,3432.39,718,36.92
0502080086,05CHAR     ,6917.54,3424.99,606,49.51
0802030004,08FRUV     ,6486.01,3336.3,589,51.44
0803010013,08FRUV     ,7107.64,3336.12,518,46.94
0501030001,05CHAR     ,6390.74,3206.58,538,50.18
0802040001,08FRUV     ,5527.42,3197.65,249,57.85
0504030014,05CHAR     ,5877.78,3152.47,580,53.63
0502040057,05CHAR     ,6639.35,3143.52,645,47.35
0805010009,08FRUV     ,6707.63,3131.8,344,46.69
0502010335,05CHAR     ,7987.68,3128.65,687,39.17
0802010039,08FRUV     ,6142.32,3122.42,454,50.83
0802040035,08FRUV     ,4520.97,3071.34,193,67.94
0805010279,08FRUV     ,6485.56,3062.7,546,47.22
0801010006,08FRUV     ,4748.41,3026.66,388,63.74
0504040037,05CHAR     ,7095.81,3023.95,237,42.62
0805020002,08FRUV     ,4814.17,3022.89,396,62.79
0501020003,05CHAR     ,5470.06,3022.09,509,55.25
0505010030,05CHAR     ,6344.22,3014.78,579,47.52
0502010336,05CHAR     ,6390.62,3009.56,522,47.09
0509100035,05CHAR     ,6504.31,3001.44,140,46.15
0507020022,05CHAR     ,5655.5,3001.17,422,53.07
0802030013,08FRUV     ,5756.31,2927.95,329,50.87
0504050008,05CHAR     ,4931.01,2923.3,576,59.28
0505030038,05CHAR     ,5900.05,2899.35,393,49.14
0509130029,05CHAR     ,7174.87,2893.53,142,40.33
0504030048,05CHAR     ,6760.41,2866.36,241,42.4
0503040003,05CHAR     ,5492.1,2864.92,462,52.16
0801010024,08FRUV     ,4161.05,2849.81,343,68.49
0801010011,08FRUV     ,4194.36,2846.55,670,67.87
0507020019,05CHAR     ,5844.75,2837.92,377,48.56
0502040049,05CHAR     ,5743.69,2792.25,574,48.61
0504040035,05CHAR     ,6593.66,2781.29,177,42.18
0502040013,05CHAR     ,5916.17,2748.3,228,46.45
0801010005,08FRUV     ,4088.38,2732.83,664,66.84
0502080085,05CHAR     ,5906.59,2674.83,400,45.29
0507020013,05CHAR     ,4827.92,2658.57,252,55.07
0805010280,08FRUV     ,5302.31,2623.86,582,49.49
0503020002,05CHAR     ,5019.25,2614.86,552,52.1
0805010120,08FRUV     ,5266.23,2595.09,613,49.28
0509160026,05CHAR     ,5202.86,2568.38,482,49.36
0503040001,05CHAR     ,4438.12,2559.79,333,57.68
0802010003,08FRUV     ,4626.13,2538.98,639,54.88
0805010010,08FRUV     ,5665.74,2538.94,463,44.81
0504040018,05CHAR     ,4018.61,2476.89,365,61.64
0802040013,08FRUV     ,3117.19,2475.6,414,79.42
0501030002,05CHAR     ,4843.13,2468.15,446,50.96
0802040012,08FRUV     ,3551.24,2461.29,487,69.31
0805020041,08FRUV     ,4124.51,2459.9,316,59.64
0805010017,08FRUV     ,4707.17,2455.58,326,52.17
0502080098,05CHAR     ,4963.76,2454.52,414,49.45
0805010291,08FRUV     ,5130.08,2432.91,491,47.42
0805010079,08FRUV     ,4665.83,2428.23,451,52.04
0507010002,05CHAR     ,5578.58,2427.3,293,43.51
0306010006,03CARN     ,4737.35,2399.63,445,50.65
0504020025,05CHAR     ,4062.23,2345.01,523,57.73
0806010012,08FRUV     ,4823.05,2344.05,579,48.6
0503030001,05CHAR     ,4560.37,2328.43,158,51.06
0805020040,08FRUV     ,4093.38,2313.46,312,56.52
0802040030,08FRUV     ,3366.54,2295.32,371,68.18
0502040056,05CHAR     ,5256.71,2281.93,248,43.41
0504040031,05CHAR     ,4187.23,2281.69,419,54.49
0803010029,08FRUV     ,4229.86,2263.1,705,53.5
0306010009,03CARN     ,4538.33,2260.88,425,49.82
0306010007,03CARN     ,4314.44,2184.72,433,50.64
0504030041,05CHAR     ,4182.17,2183.54,343,52.21
0805010015,08FRUV     ,4734.28,2171.45,396,45.87
0507020017,05CHAR     ,3939.71,2148.36,244,54.53
0506020001,05CHAR     ,19903.34,2137.07,515,10.74
0509040017,05CHAR     ,4499.51,2120.68,310,47.13
0502080082,05CHAR     ,4082.23,2108.7,460,51.66
0802040016,08FRUV     ,3597.86,2105.19,348,58.51
0502010010,05CHAR     ,3949.89,2103.17,553,53.25
0308050018,03CARN     ,3213.3,2091.92,59,65.1
0801010031,08FRUV     ,3124.25,2057.38,541,65.85
0503020003,05CHAR     ,4447.62,2056.26,411,46.23
0805010062,08FRUV     ,3935.5,2046.31,479,52.0
0310010006,03CARN     ,4328.27,2029.75,407,46.9
0502080105,05CHAR     ,4822.6,2023.34,337,41.96
0507020006,05CHAR     ,4272.65,1999.95,213,46.81
0805020017,08FRUV     ,3436.78,1988.53,466,57.86
0805010007,08FRUV     ,3360.75,1975.23,233,58.77
0308050010,03CARN     ,3051.77,1974.96,347,64.72
0803010024,08FRUV     ,3405.18,1954.72,673,57.4
0801010032,08FRUV     ,2965.65,1946.36,476,65.63
0801010021,08FRUV     ,3075.99,1940.83,531,63.1
0805010026,08FRUV     ,3958.95,1923.29,500,48.58
0805010025,08FRUV     ,4111.18,1910.23,474,46.46
0805010169,08FRUV     ,3575.88,1904.2,341,53.25
0801010017,08FRUV     ,2808.89,1874.56,208,66.74
0805010275,08FRUV     ,3762.85,1865.27,511,49.57
0805020034,08FRUV     ,3980.38,1863.04,251,46.81
0805010272,08FRUV     ,4014.81,1862.63,467,46.39
0805010022,08FRUV     ,4233.06,1861.61,444,43.98
0805010281,08FRUV     ,3730.68,1860.16,544,49.86
0802040038,08FRUV     ,3314.52,1854.34,396,55.95
0301020006,03CARN     ,2800.2,1850.95,20,66.1
0805010290,08FRUV     ,3326.93,1839.04,445,55.28
0401070006,05CHAR     ,3872.68,1834.42,437,47.37
0803010031,08FRUV     ,3514.88,1814.79,569,51.63
0505030018,05CHAR     ,3264.72,1770.97,291,54.25
0805010071,08FRUV     ,3956.61,1767.64,389,44.68
0802040028,08FRUV     ,2885.71,1753.16,275,60.75
0502080081,05CHAR     ,3451.9,1729.79,407,50.11
0805010065,08FRUV     ,4113.97,1704.63,351,41.44
0505010020,05CHAR     ,3338.45,1698.58,359,50.88
0805010258,08FRUV     ,3782.45,1693.52,293,44.77
0301020012,03CARN     ,6691.4,1691.04,238,25.27
0805010265,08FRUV     ,3741.12,1668.1,261,44.59
0302010046,03CARN     ,3203.95,1648.28,369,51.45
0801010023,08FRUV     ,2585.22,1643.87,259,63.59
0805010276,08FRUV     ,3503.0,1639.84,466,46.81
0502080104,05CHAR     ,3877.66,1639.43,324,42.28
0802010017,08FRUV     ,33743.5,1627.57,341,4.82
0805010134,08FRUV     ,3684.41,1618.49,552,43.93
0302010043,03CARN     ,3150.1,1617.08,369,51.33
0805010190,08FRUV     ,3418.54,1605.65,524,46.97
0309040006,03CARN     ,2101.36,1592.95,212,75.81
0505010019,05CHAR     ,3263.81,1586.39,308,48.61
0805010266,08FRUV     ,3477.32,1571.39,464,45.19
0502080101,05CHAR     ,3050.56,1568.68,265,51.42
0505030037,05CHAR     ,3124.02,1558.66,349,49.89
0805010104,08FRUV     ,3075.49,1549.78,526,50.39
0805010109,08FRUV     ,3399.34,1549.43,306,45.58
0801010041,08FRUV     ,2860.26,1525.0,464,53.32
0802040014,08FRUV     ,2165.57,1524.75,314,70.41
0501040014,05CHAR     ,3116.69,1510.52,254,48.47
0805020027,08FRUV     ,2962.6,1501.86,443,50.69
0310020017,03CARN     ,3114.96,1496.24,365,48.03
0803010023,08FRUV     ,2855.35,1491.16,681,52.22
0509160029,05CHAR     ,3033.29,1487.52,218,49.04
0506030025,05CHAR     ,3168.8,1487.19,490,46.93
0306010013,03CARN     ,2981.98,1481.22,336,49.67
0802010018,08FRUV     ,2954.47,1474.64,462,49.91
0805010253,08FRUV     ,2992.35,1462.53,293,48.88
0301060010,03CARN     ,2800.32,1459.95,147,52.14
0803010003,08FRUV     ,3113.66,1446.32,708,46.45
0805010029,08FRUV     ,3196.29,1432.66,198,44.82
0310020015,03CARN     ,3160.51,1428.15,401,45.19
0504030046,05CHAR     ,2628.3,1398.25,206,53.2
0302010042,03CARN     ,2664.03,1397.98,329,52.48
0805010125,08FRUV     ,3190.54,1383.91,554,43.38
0505010018,05CHAR     ,2832.64,1380.32,420,48.73
0805010036,08FRUV     ,2809.44,1368.66,289,48.72
0301060015,03CARN     ,2537.21,1364.2,178,53.77
0507010003,05CHAR     ,3052.86,1356.21,268,44.42
0805010238,08FRUV     ,3020.27,1350.42,239,44.71
0805010052,08FRUV     ,3069.59,1339.18,347,43.63
0805010051,08FRUV     ,3072.16,1335.33,338,43.47
0306010005,03CARN     ,2462.34,1308.53,313,53.14
0502040024,05CHAR     ,2540.8,1293.36,326,50.9
0502040034,05CHAR     ,2547.24,1290.61,348,50.67
0310020018,03CARN     ,2337.96,1286.15,250,55.01
0805010271,08FRUV     ,2792.17,1263.69,493,45.26
0805010018,08FRUV     ,2861.66,1258.21,380,43.97
0504030045,05CHAR     ,3026.4,1249.99,176,41.3
0806010003,08FRUV     ,2440.13,1244.98,549,51.02
0803010017,08FRUV     ,2415.25,1240.12,707,51.35
0805010274,08FRUV     ,2862.84,1238.84,501,43.27
0802040005,08FRUV     ,1672.08,1234.32,272,73.82
0310020016,03CARN     ,2774.95,1228.46,369,44.27
0802040041,08FRUV     ,1840.82,1219.3,313,66.24
0805010165,08FRUV     ,2247.72,1213.3,405,53.98
0503020049,05CHAR     ,4537.31,1206.89,123,26.6
0505030043,05CHAR     ,2214.43,1194.75,171,53.95
0805010249,08FRUV     ,2587.55,1183.74,220,45.75
0301060003,03CARN     ,2115.24,1149.22,119,54.33
0805010163,08FRUV     ,2136.06,1138.57,400,53.3
0803010001,08FRUV     ,1990.53,1126.21,509,56.58
0506030023,05CHAR     ,2204.46,1121.83,391,50.89
0507020026,05CHAR     ,2726.37,1109.11,251,40.68
0805010252,08FRUV     ,2266.94,1106.51,294,48.81
0502080094,03CARN     ,2010.78,1103.01,299,54.85
0805020020,08FRUV     ,1575.83,1097.99,104,69.68
0805010161,08FRUV     ,2025.73,1094.53,371,54.03
0504030049,05CHAR     ,2418.44,1089.55,226,45.05
0805020043,08FRUV     ,1384.65,1086.83,300,78.49
0509130032,05CHAR     ,2221.65,1086.0,247,48.88
0507020020,05CHAR     ,2153.73,1083.29,244,50.3
0802010042,08FRUV     ,2284.06,1078.8,193,47.23
0302010038,03CARN     ,1930.77,1068.58,222,55.34
0301060012,03CARN     ,2092.83,1031.61,111,49.29
0802020002,08FRUV     ,1556.62,1029.24,590,66.12
0805020003,08FRUV     ,1733.98,1028.49,246,59.31
0504040036,05CHAR     ,2153.96,1020.06,205,47.36
0805020014,08FRUV     ,1808.24,1008.28,232,55.76
0505010031,05CHAR     ,2004.19,1002.42,342,50.02
0302010030,03CARN     ,1890.19,973.01,222,51.48
0507020002,05CHAR     ,1907.62,953.18,112,49.97
0509010014,05CHAR     ,1895.02,949.26,225,50.09
0502080031,05CHAR     ,1962.82,948.69,283,48.33
0802040037,08FRUV     ,1444.87,938.46,254,64.95
0507020027,05CHAR     ,1639.84,920.14,121,56.11
0302010032,03CARN     ,1783.73,911.06,200,51.08
0507010007,05CHAR     ,2040.18,904.76,178,44.35
0805010257,08FRUV     ,2057.22,904.23,177,43.95
0509010013,05CHAR     ,1893.5,901.67,234,47.62
0806010002,08FRUV     ,49527.92,900.82,735,1.82
0302010029,03CARN     ,1756.55,899.68,210,51.22
0504020024,05CHAR     ,2006.56,896.36,140,44.67
0805010287,08FRUV     ,1958.33,888.99,373,45.4
0805020010,08FRUV     ,1622.12,877.16,140,54.07
0503020045,05CHAR     ,2077.66,875.28,89,42.13
0507020018,05CHAR     ,1518.49,866.85,129,57.09
0802040044,08FRUV     ,1576.43,857.54,71,54.4
0805010254,08FRUV     ,1818.61,840.05,240,46.19
0805010286,08FRUV     ,1856.11,837.38,312,45.11
0509160009,05CHAR     ,1720.8,836.68,136,48.62
0302010031,03CARN     ,1586.79,836.55,245,52.72
0805020013,08FRUV     ,1906.43,834.16,116,43.76
0502080075,05CHAR     ,1770.19,827.56,155,46.75
0803010015,08FRUV     ,1721.14,821.98,186,47.76
0301020001,03CARN     ,1031.22,820.36,11,79.55
0509160030,05CHAR     ,1627.82,808.7,160,49.68
0503020011,05CHAR     ,1562.1,800.13,80,51.22
0509040018,05CHAR     ,1697.42,786.85,146,46.36
0506030022,05CHAR     ,1496.0,783.09,300,52.35
0502080072,05CHAR     ,1637.13,781.39,138,47.73
0805010288,08FRUV     ,1646.9,774.25,349,47.01
0302010050,03CARN     ,1663.69,774.1,95,46.53
0805010162,08FRUV     ,1418.52,769.4,280,54.24
0302010051,03CARN     ,1649.42,768.06,112,46.57
0509030068,05CHAR     ,1554.44,767.67,138,49.39
0805010049,08FRUV     ,1698.15,764.39,237,45.01
0802040040,08FRUV     ,1125.86,754.67,224,67.03
0504020028,05CHAR     ,1727.33,731.85,149,42.37
0503020047,05CHAR     ,1552.56,725.75,88,46.75
0502080087,05CHAR     ,1595.32,712.07,387,44.63
0805010277,08FRUV     ,1564.55,706.74,426,45.17
0505030045,05CHAR     ,1303.28,700.17,289,53.72
0803010063,08FRUV     ,1438.52,696.89,77,48.44
0301060020,03CARN     ,1227.76,695.31,50,56.63
0505030005,05CHAR     ,1361.11,694.22,178,51.0
0502080102,05CHAR     ,1424.46,680.0,291,47.74
0805010069,08FRUV     ,1294.42,676.53,98,52.27
0805010053,08FRUV     ,1472.57,676.27,200,45.92
0805010284,08FRUV     ,1526.79,670.37,256,43.91
0805010024,08FRUV     ,1424.36,666.51,217,46.79
0801010042,08FRUV     ,1287.82,657.61,581,51.06
0505030040,05CHAR     ,1251.26,654.99,160,52.35
0805010128,08FRUV     ,1333.63,641.61,456,48.11
0302010041,03CARN     ,1221.24,630.96,167,51.67
0805010278,08FRUV     ,1312.8,617.87,299,47.07
0309020022,03CARN     ,816.15,612.66,43,75.07
0309020021,03CARN     ,782.3,590.26,56,75.45
0805010167,08FRUV     ,1018.81,587.0,287,57.62
0502080071,05CHAR     ,1206.58,579.51,114,48.03
0302010055,03CARN     ,1278.55,573.99,103,44.89
0805020033,08FRUV     ,927.64,572.57,184,61.72
0302010037,03CARN     ,938.78,557.39,118,59.37
0309020006,03CARN     ,735.12,555.16,54,75.52
0302010049,03CARN     ,1138.27,537.31,63,47.2
0505030041,05CHAR     ,1022.12,535.8,117,52.42
0505030042,05CHAR     ,948.77,533.53,118,56.23
0802040046,08FRUV     ,960.59,515.4,56,53.65
0502080073,05CHAR     ,1056.61,513.64,111,48.61
0505010029,05CHAR     ,966.28,513.16,152,53.11
0310010003,03CARN     ,1042.86,505.0,72,48.42
0301060002,03CARN     ,830.93,499.51,30,60.11
0805010127,08FRUV     ,1057.81,481.45,200,45.51
0301060019,03CARN     ,830.51,470.59,31,56.66
0803010062,08FRUV     ,745.32,468.73,75,62.89
0805010129,08FRUV     ,812.12,468.07,203,57.64
0509110004,05CHAR     ,1163.31,467.64,116,40.2
0805010019,08FRUV     ,1182.7,461.5,261,39.02
0805010268,08FRUV     ,1027.12,461.4,311,44.92
0802020003,08FRUV     ,864.76,455.88,400,52.72
0505010015,05CHAR     ,934.63,455.58,144,48.74
0802040047,08FRUV     ,874.81,451.45,51,51.61
0805010267,08FRUV     ,995.57,447.01,308,44.9
0308050021,03CARN     ,646.32,438.32,92,67.82
0302010053,03CARN     ,979.11,434.81,68,44.41
0505030044,05CHAR     ,765.67,426.66,195,55.72
0309040001,03CARN     ,679.63,424.47,104,62.46
0802010008,08FRUV     ,867.52,416.08,228,47.96
0509120012,05CHAR     ,712.9,412.8,80,57.9
0504030047,05CHAR     ,772.11,409.06,52,52.98
0502080095,03CARN     ,715.08,402.1,135,56.23
0505010004,05CHAR     ,1677.05,397.05,264,23.68
0509100009,05CHAR     ,726.28,396.61,80,54.61
0504020029,05CHAR     ,864.29,394.14,67,45.6
0503050027,05CHAR     ,713.81,394.08,50,55.21
0805010269,08FRUV     ,854.06,389.97,272,45.66
0803010025,08FRUV     ,759.53,387.69,311,51.04
0509130035,05CHAR     ,749.14,385.39,79,51.44
0504040038,05CHAR     ,811.0,378.98,53,46.73
0805010122,08FRUV     ,769.54,373.15,204,48.49
0507010006,05CHAR     ,813.68,365.5,85,44.92
0805010248,08FRUV     ,778.1,362.38,129,46.57
0506030026,05CHAR     ,654.16,362.16,146,55.36
0503030066,05CHAR     ,679.33,357.66,18,52.65
0302010026,03CARN     ,713.78,356.08,103,49.89
0309040008,03CARN     ,506.02,346.77,30,68.53
0805020023,08FRUV     ,446.34,346.66,163,77.67
0805010166,08FRUV     ,604.01,333.96,204,55.29
0805010168,08FRUV     ,589.58,329.21,211,55.84
0802010013,08FRUV     ,801.81,320.58,166,39.98
0302010048,03CARN     ,681.59,314.74,68,46.18
0805010072,08FRUV     ,1105.32,314.36,177,28.44
0805010197,08FRUV     ,618.17,309.03,208,49.99
0302010054,03CARN     ,704.52,307.73,58,43.68
0802010023,08FRUV     ,567.04,306.58,99,54.07
0302010024,03CARN     ,606.23,297.43,67,49.06
0805010182,08FRUV     ,590.73,295.96,78,50.1
0805010011,08FRUV     ,925.49,295.05,119,31.88
0507010011,05CHAR     ,652.87,291.15,68,44.6
0507010005,05CHAR     ,605.78,284.18,63,46.91
0802020011,08FRUV     ,447.36,277.75,85,62.09
0301020008,03CARN     ,2079.22,274.6,231,13.21
0805010245,08FRUV     ,512.3,271.54,94,53.0
0508010002,05CHAR     ,35330.35,268.69,735,0.76
0802010030,08FRUV     ,23455.22,268.21,734,1.14
0302010023,03CARN     ,526.87,255.87,59,48.56
0505030047,05CHAR     ,515.35,252.49,59,48.99
0805010164,08FRUV     ,533.52,252.33,95,47.3
0504050009,05CHAR     ,523.47,249.95,47,47.75
0502080107,05CHAR     ,529.48,247.68,46,46.78
0805010124,08FRUV     ,492.22,241.49,132,49.06
0805010189,08FRUV     ,479.05,233.68,158,48.78
0803010055,08FRUV     ,436.48,231.27,187,52.99
0502080074,05CHAR     ,478.52,231.19,44,48.31
0503020013,05CHAR     ,472.56,227.55,15,48.15
0308050002,03CARN     ,327.95,221.77,46,67.62
0805010199,08FRUV     ,393.4,219.0,163,55.67
0509040009,05CHAR     ,402.33,211.78,46,52.64
0509180028,05CHAR     ,316.3,209.77,38,66.32
0504030033,05CHAR     ,364.58,206.68,46,56.69
0802010033,08FRUV     ,465.73,206.58,166,44.36
0306010012,03CARN     ,397.93,204.6,63,51.42
0803010056,08FRUV     ,453.07,202.76,216,44.75
0502080076,05CHAR     ,391.84,198.26,42,50.6
0805010196,08FRUV     ,393.68,196.06,128,49.8
0805020004,08FRUV     ,228.52,195.42,6,85.52
0502080039,05CHAR     ,382.66,182.85,40,47.78
0505010033,05CHAR     ,290.81,174.62,59,60.05
0310020004,03CARN     ,313.93,173.24,29,55.18
0502080043,05CHAR     ,323.45,172.37,36,53.29
0502080035,05CHAR     ,344.32,172.06,38,49.97
0805010013,08FRUV     ,604.99,171.53,132,28.35
0502080042,05CHAR     ,365.6,168.2,38,46.01
0805010131,08FRUV     ,300.15,167.44,35,55.79
0301060016,03CARN     ,264.35,165.25,14,62.51
0502080041,05CHAR     ,323.48,161.88,36,50.04
0803010018,08FRUV     ,310.12,157.77,178,50.87
0505030011,05CHAR     ,250.33,157.35,31,62.86
0805010038,08FRUV     ,405.79,157.09,34,38.71
0803010008,08FRUV     ,256.52,156.44,61,60.99
0802040039,08FRUV     ,251.9,144.31,27,57.29
0509020002,05CHAR     ,244.38,143.92,36,58.89
0805010063,08FRUV     ,249.05,143.52,66,57.63
0805010113,08FRUV     ,310.12,138.33,80,44.61
0504030032,05CHAR     ,246.81,137.04,37,55.52
0802010031,08FRUV     ,264.44,127.09,69,48.06
0301060008,03CARN     ,147.24,123.26,7,83.71
0302010025,03CARN     ,258.3,123.23,31,47.71
0803010005,08FRUV     ,223.06,119.96,47,53.78
0309030008,03CARN     ,4545.92,119.73,207,2.63
0309040002,03CARN     ,139.32,116.25,14,83.44
0308050003,03CARN     ,157.37,109.48,21,69.57
0805010194,08FRUV     ,234.27,106.77,100,45.58
0802050004,08FRUV     ,238.73,103.42,44,43.32
0805010195,08FRUV     ,217.39,100.24,95,46.11
0509100038,05CHAR     ,206.18,98.95,17,47.99
0803010026,08FRUV     ,142.24,98.77,72,69.44
0802010028,08FRUV     ,242.91,97.38,17,40.09
0509040010,05CHAR     ,177.2,87.16,22,49.19
0306010016,03CARN     ,170.76,86.75,32,50.8
0509040015,05CHAR     ,164.64,81.73,20,49.64
0805010193,08FRUV     ,174.34,79.27,67,45.47
0805010283,08FRUV     ,166.26,77.97,25,46.9
0805010188,08FRUV     ,159.32,77.08,44,48.38
0803010033,08FRUV     ,82.54,74.97,3,90.83
0508010001,05CHAR     ,54542.89,74.95,736,0.14
0805010282,08FRUV     ,145.24,74.2,22,51.09
0509140009,05CHAR     ,112.57,68.79,6,61.11
0509040013,05CHAR     ,131.68,68.13,16,51.74
0308040006,03CARN     ,111.62,66.11,2,59.23
0505030046,05CHAR     ,90.6,61.58,13,67.97
0306010014,03CARN     ,140.32,61.44,20,43.79
0309040012,03CARN     ,76.37,61.12,3,80.03
0802010036,08FRUV     ,85.14,55.84,24,65.59
0310020005,03CARN     ,63.3,55.4,8,87.52
0503020053,05CHAR     ,103.26,53.77,2,52.07
0803010034,08FRUV     ,64.47,51.97,14,80.61
0509040011,05CHAR     ,102.48,51.6,13,50.35
0803010004,08FRUV     ,101.67,47.22,35,46.44
0805010247,08FRUV     ,95.9,46.59,30,48.58
0509040012,05CHAR     ,88.31,46.24,11,52.36
0503020022,05CHAR     ,119.29,44.99,4,37.71
0805010001,08FRUV     ,767.98,43.5,97,5.66
0805010181,08FRUV     ,81.82,42.12,19,51.48
0805010187,08FRUV     ,77.61,39.16,27,50.46
0509040016,05CHAR     ,71.28,38.29,9,53.72
0302010027,03CARN     ,51.25,37.58,6,73.33
0802040045,08FRUV     ,55.0,35.92,12,65.31
0803010021,08FRUV     ,57.64,34.6,44,60.03
0805010192,08FRUV     ,70.8,33.03,12,46.65
0509100008,05CHAR     ,67.83,31.99,5,47.16
0805010004,08FRUV     ,826.88,31.4,163,3.8
0505020004,05CHAR     ,54.28,26.65,7,49.1
0509150027,05CHAR     ,45.69,25.51,6,55.83
0805010105,08FRUV     ,50.5,24.74,8,48.99
0308050012,03CARN     ,35.74,23.27,2,65.11
0509090007,05CHAR     ,41.99,23.24,4,55.35
0306010015,03CARN     ,43.65,19.97,10,45.75
0803010061,08FRUV     ,27.06,19.79,1,73.13
0509070008,05CHAR     ,39.97,19.63,3,49.11
0502080108,05CHAR     ,40.37,19.13,5,47.39
0509150028,05CHAR     ,37.22,18.94,5,50.89
0310010004,03CARN     ,36.83,18.69,2,50.75
0802020006,08FRUV     ,40.6,17.8,15,43.84
0502080106,05CHAR     ,38.9,17.56,3,45.14
0805020009,08FRUV     ,26.89,17.04,3,63.37
0503030061,05CHAR     ,21.46,15.46,1,72.04
0308020002,03CARN     ,25.7,14.51,5,56.46
0509120008,05CHAR     ,25.35,14.31,2,56.45
0805010108,08FRUV     ,31.31,13.65,7,43.6
0310010005,03CARN     ,15.41,13.65,3,88.58
0502050006,05CHAR     ,6812.26,13.11,446,0.19
0802010034,08FRUV     ,14.96,12.89,1,86.16
0502040041,05CHAR     ,23.62,12.64,3,53.51
0803010030,08FRUV     ,12.2,12.2,7,100.0
0805020024,08FRUV     ,18.99,10.95,2,57.66
0805020029,08FRUV     ,12.14,10.45,1,86.08
0502030010,03CARN     ,17.72,8.84,3,49.89
0308050001,03CARN     ,13.77,8.75,1,63.54
0805020036,08FRUV     ,11.52,8.47,1,73.52
0310020012,03CARN     ,9.45,8.38,1,88.68
0805010255,08FRUV     ,9.09,8.38,1,92.19
0507010009,05CHAR     ,20.7,8.32,2,40.19
0803010058,08FRUV     ,9.09,8.28,3,91.09
0802040034,08FRUV     ,10.48,8.17,1,77.96
0505030033,05CHAR     ,15.59,7.21,1,46.25
0502040017,05CHAR     ,15.9,6.94,3,43.65
0302010001,03CARN     ,9.84,6.92,1,70.33
0802010038,08FRUV     ,7.75,6.86,1,88.52
0806010014,08FRUV     ,12.07,6.27,4,51.95
0509130031,05CHAR     ,10.97,5.94,2,54.15
0505030039,05CHAR     ,12.79,5.91,1,46.21
0803010057,08FRUV     ,12.06,5.8,5,48.09
0302010022,03CARN     ,6.82,5.06,1,74.19
0302010040,03CARN     ,6.84,4.84,1,70.76
0309020001,03CARN     ,13.05,4.81,1,36.86
0805010241,08FRUV     ,10.47,4.74,1,45.27
0502050007,05CHAR     ,90.16,4.59,18,5.09
0309030009,03CARN     ,2762.98,4.51,158,0.16
0306010011,03CARN     ,9.14,4.47,2,48.91
0805020005,08FRUV     ,9.05,4.43,2,48.95
0504050007,05CHAR     ,10.43,4.31,1,41.32
0310020013,03CARN     ,6.87,3.73,1,54.29
0805010103,08FRUV     ,4.96,3.23,1,65.12
0502040021,05CHAR     ,5.85,3.07,1,52.48
0509130024,05CHAR     ,11.86,2.33,1,19.65
0802030002,08FRUV     ,2.6,2.31,2,88.85
0805010244,08FRUV     ,4.28,2.3,1,53.74
0803010006,08FRUV     ,1.94,1.94,23,100.0
0802010041,08FRUV     ,3.96,1.89,1,47.73
0802010016,08FRUV     ,166.48,0.42,14,0.25
0802010021,08FRUV     ,359.05,0.36,36,0.1
0802010011,08FRUV     ,11.15,0.23,3,2.06
0802010004,08FRUV     ,44.28,0.04,4,0.09
